{"aoe_id":530,"start_time":1651551336936,"end_time":1651551336944,"action_result":[[1,2,{"start_time":1651551336940,"end_time":1651551336940,"yk_ids":null,"yt_ids":null,"num_result":{"last_cmd":4000.0},"final_result":"Success"}],[2,3,{"start_time":1651551336940,"end_time":1651551336940,"yk_ids":null,"yt_ids":null,"num_result":{"Eddev_3_2":0.0,"Ecdev_4":5000.0,"Ecdev_7":5000.0,"Eddev_5_2":4999.995000005,"Eddev_7_2":4999.995000005,"Eddev_8_2":4999.995000005,"Eddev_2_2":0.0,"Eddev_2":15000.0,"Eddev_3":5000.0,"Eddev_8":0.0,"Eddev_1_2":4999.995000005,"Eddev_6_2":4999.995000005,"Ecdev_8":5000.0,"Eddev_4_2":4999.995000005,"Ecdev_8_2":0.0,"Ecdev_2_2":14999.985000015,"Ecdev_2":0.0,"Ecdev_6":5000.0,"Ecdev_3_2":4999.995000005,"Ecdev_1":5000.0,"Ecdev_3":0.0,"Ecdev_5":5000.0},"final_result":"Success"}],[3,5,{"start_time":1651551336941,"end_time":1651551336942,"yk_ids":null,"yt_ids":null,"num_result":{"power_mean_2":166.66666666666666,"L8":null,"L5":null,"L7":null,"L4":null,"L1":null,"L6":null,"Eddev_mean_2":4999.995000005},"final_result":"Success"}],[5,8,{"start_time":1651551336942,"end_time":1651551336942,"yk_ids":null,"yt_ids":null,"num_result":{"sum_of_Eddev_2":0.0012000009599995678,"sum_of_Eddev":20000.0},"final_result":"Success"}],[8,15,{"start_time":1651551336943,"end_time":1651551336943,"yk_ids":null,"yt_ids":null,"num_result":{"P4":166.66666666666666,"P2":1500.0,"P6":166.66666666666666,"P7":166.66666666666666,"P3":1500.0,"P1":166.66666666666666,"P5":166.66666666666666,"P8":166.66666666666666},"final_result":"Success"}],[15,18,{"start_time":1651551336943,"end_time":1651551336944,"yk_ids":null,"yt_ids":[[1107,166.66666666666666],[1147,166.66666666666666],[1108,1500.0],[1148,1500.0],[1109,1500.0],[1149,1500.0],[1110,166.66666666666666],[1150,166.66666666666666],[1111,166.66666666666666],[1151,166.66666666666666],[1112,166.66666666666666],[1152,166.66666666666666],[1113,166.66666666666666],[1153,166.66666666666666],[1114,166.66666666666666],[1154,166.66666666666666]],"num_result":{},"final_result":"Success"}]],"event_result":[[1,{"start_time":1651551336937,"end_time":1651551336940,"final_result":"Happen"}],[2,{"start_time":1651551336940,"end_time":1651551336940,"final_result":"Happen"}],[3,{"start_time":1651551336940,"end_time":1651551336941,"final_result":"NotHappen"}],[5,{"start_time":1651551336942,"end_time":1651551336942,"final_result":"Happen"}],[8,{"start_time":1651551336942,"end_time":1651551336943,"final_result":"NotHappen"}],[15,{"start_time":1651551336943,"end_time":1651551336943,"final_result":"Happen"}],[18,{"start_time":1651551336944,"end_time":1651551336944,"final_result":"Happen"}]]}
