{"aoe_id":530,"start_time":1651551500312,"end_time":1651551500332,"action_result":[[1,2,{"start_time":1651551500316,"end_time":1651551500316,"yk_ids":null,"yt_ids":null,"num_result":{"last_cmd":3500.0},"final_result":"Success"}],[2,3,{"start_time":1651551500316,"end_time":1651551500316,"yk_ids":null,"yt_ids":null,"num_result":{"Eddev_5":0.0,"Ecdev_3":15000.0,"Ecdev_8_2":0.0,"Eddev_7":0.0,"Ecdev_8":25000.0,"Eddev_5_2":24999.975000025002,"Eddev_3":0.0,"Eddev_4":0.0,"Eddev_3_2":14999.985000015,"Eddev_2":15000.0,"Eddev_2_2":0.0,"Eddev_1_2":0.0,"Ecdev_4_2":0.0,"Eddev_4_2":14999.985000015,"Ecdev_6":25000.0,"Ecdev_1_2":4999.995000005,"Eddev_8_2":24999.975000025002,"Eddev_1":5000.0,"Ecdev_7":25000.0,"Eddev_6":0.0,"Ecdev_2_2":14999.985000015,"Ecdev_5_2":0.0,"Eddev_8":0.0,"Ecdev_1":0.0,"Eddev_7_2":24999.975000025002,"Eddev_6_2":24999.975000025002,"Ecdev_2":0.0,"Ecdev_4":15000.0,"Ecdev_7_2":0.0,"Ecdev_5":25000.0,"Ecdev_3_2":0.0,"Ecdev_6_2":0.0},"final_result":"Success"}],[3,5,{"start_time":1651551500318,"end_time":1651551500319,"yk_ids":null,"yt_ids":null,"num_result":{"power_mean_2":83.33333333333333,"L5":-0.005000005,"L8":-0.005000005,"L7":-0.005000005,"Eddev_mean_2":21666.64500002167,"L3":0.21250021249999995,"L4":0.21250021249999995,"L6":-0.005000005},"final_result":"Success"}],[5,9,{"start_time":1651551500321,"end_time":1651551500330,"yk_ids":null,"yt_ids":null,"num_result":{"y4":1.0,"x6":100.0,"y5":1.0,"w1":0.0,"w8":0.0,"k2":1500.0,"y1":1.0,"k8":99.99999999999999,"z7":25.1,"w4":0.0,"w6":0.0,"y3":1.0,"x5":100.0,"y2":1.0,"w2":0.0,"z1":3.6000009999999993,"w7":0.0,"k3":99.99999999999999,"z4":15.100000000000001,"y7":1.0,"x8":100.0,"x1":1399.9990000000003,"k5":99.99999999999999,"z3":15.100000000000001,"w5":0.0,"x7":100.0,"k1":1399.9990000000003,"k6":99.99999999999999,"k4":99.99999999999999,"z2":13.5,"z6":25.1,"x3":100.0,"y6":1.0,"k7":99.99999999999999,"x2":1500.0,"w3":0.0,"z5":25.1,"y8":1.0,"x4":100.0,"z8":25.1},"final_result":"Success"}],[9,17,{"start_time":1651551500331,"end_time":1651551500331,"yk_ids":null,"yt_ids":[[1107,1399.9990000000003],[1108,1500.0],[1109,100.0],[1110,100.0],[1111,100.0],[1112,100.0],[1113,100.0],[1114,100.0],[1147,1399.9990000000003],[1148,1500.0],[1149,100.0],[1150,100.0],[1151,100.0],[1152,100.0],[1153,100.0],[1154,100.0]],"num_result":{},"final_result":"Success"}]],"event_result":[[1,{"start_time":1651551500314,"end_time":1651551500316,"final_result":"Happen"}],[2,{"start_time":1651551500316,"end_time":1651551500316,"final_result":"Happen"}],[3,{"start_time":1651551500317,"end_time":1651551500318,"final_result":"NotHappen"}],[5,{"start_time":1651551500319,"end_time":1651551500321,"final_result":"NotHappen"}],[9,{"start_time":1651551500330,"end_time":1651551500331,"final_result":"NotHappen"}],[17,{"start_time":1651551500331,"end_time":1651551500332,"final_result":"Happen"}]]}
