{
    "aoe_id": 530,
    "start_time": 1651551253374,
    "end_time": 1651551253379,
    "action_result": [
        [
            1,
            2,
            {
                "start_time": 1651551253377,
                "end_time": 1651551253377,
                "yk_ids": null,
                "yt_ids": null,
                "num_result": {
                    "last_cmd": -3000.0
                },
                "final_result": "Success"
            }
        ],
        [
            2,
            3,
            {
                "start_time": 1651551253377,
                "end_time": 1651551253378,
                "yk_ids": null,
                "yt_ids": null,
                "num_result": {
                    "Ecdev_7": 25000.0,
                    "Eddev_1_2": 24999.975000025002,
                    "Ecdev_2": 25000.0,
                    "Eddev_2_2": 24999.975000025002,
                    "Eddev_4_2": 34999.965000035,
                    "Ecdev_5_2": 0.0,
                    "Ecdev_1": 25000.0,
                    "Eddev_6_2": 24999.975000025002,
                    "Eddev_2": 0.0,
                    "Ecdev_7_2": 0.0,
                    "Ecdev_2_2": 0.0,
                    "Ecdev_6": 25000.0,
                    "Ecdev_3": 25000.0,
                    "Eddev_3": 0.0,
                    "Eddev_4": 0.0,
                    "Eddev_5": 0.0,
                    "Ecdev_1_2": 0.0,
                    "Eddev_7": 0.0,
                    "Eddev_3_2": 24999.975000025002,
                    "Eddev_5_2": 24999.975000025002,
                    "Eddev_7_2": 24999.975000025002,
                    "Eddev_1": 0.0,
                    "Ecdev_4_2": 0.0,
                    "Ecdev_4": 35000.0,
                    "Ecdev_3_2": 0.0,
                    "Ecdev_5": 25000.0
                },
                "final_result": "Success"
            }
        ],
        [
            3,
            4,
            {
                "start_time": 1651551253378,
                "end_time": 1651551253378,
                "yk_ids": null,
                "yt_ids": null,
                "num_result": {
                    "power_mean_2": -7500.0,
                    "L6": 10000000000.0,
                    "Ecdev_mean_2": 14999.985000015,
                    "L8": null
                },
                "final_result": "Success"
            }
        ],
        [
            4,
            6,
            {
                "start_time": 1651551253378,
                "end_time": 1651551253378,
                "yk_ids": null,
                "yt_ids": null,
                "num_result": {
                    "sum_of_Ecdev": 185000.0,
                    "sum_of_Ecdev_2": 0.0000666667288888803
                },
                "final_result": "Success"
            }
        ],
        [
            6,
            10,
            {
                "start_time": 1651551253379,
                "end_time": 1651551253379,
                "yk_ids": null,
                "yt_ids": null,
                "num_result": {
                    "P1": -405.4054054054054,
                    "P6": -405.4054054054054,
                    "P2": -405.4054054054054,
                    "P8": -0.0,
                    "P4": -567.5675675675676,
                    "P5": -405.4054054054054,
                    "P7": -405.4054054054054,
                    "P3": -405.4054054054054
                },
                "final_result": "Success"
            }
        ],
        [
            10,
            18,
            {
                "start_time": 1651551253379,
                "end_time": 1651551253379,
                "yk_ids": null,
                "yt_ids": [
                    [
                        1107,
                        -405.4054054054054
                    ],
                    [
                        1147,
                        -405.4054054054054
                    ],
                    [
                        1108,
                        -405.4054054054054
                    ],
                    [
                        1148,
                        -405.4054054054054
                    ],
                    [
                        1109,
                        -405.4054054054054
                    ],
                    [
                        1149,
                        -405.4054054054054
                    ],
                    [
                        1110,
                        -567.5675675675676
                    ],
                    [
                        1150,
                        -567.5675675675676
                    ],
                    [
                        1111,
                        -405.4054054054054
                    ],
                    [
                        1151,
                        -405.4054054054054
                    ],
                    [
                        1112,
                        -405.4054054054054
                    ],
                    [
                        1152,
                        -405.4054054054054
                    ],
                    [
                        1113,
                        -405.4054054054054
                    ],
                    [
                        1153,
                        -405.4054054054054
                    ],
                    [
                        1114,
                        -0.0
                    ],
                    [
                        1154,
                        -0.0
                    ]
                ],
                "num_result": {},
                "final_result": "Success"
            }
        ]
    ],
    "event_result": [
        [
            1,
            {
                "start_time": 1651551253375,
                "end_time": 1651551253377,
                "final_result": "Happen"
            }
        ],
        [
            2,
            {
                "start_time": 1651551253377,
                "end_time": 1651551253377,
                "final_result": "Happen"
            }
        ],
        [
            3,
            {
                "start_time": 1651551253378,
                "end_time": 1651551253378,
                "final_result": "Happen"
            }
        ],
        [
            4,
            {
                "start_time": 1651551253378,
                "end_time": 1651551253378,
                "final_result": "Happen"
            }
        ],
        [
            6,
            {
                "start_time": 1651551253379,
                "end_time": 1651551253379,
                "final_result": "Happen"
            }
        ],
        [
            10,
            {
                "start_time": 1651551253379,
                "end_time": 1651551253379,
                "final_result": "Happen"
            }
        ],
        [
            18,
            {
                "start_time": 1651551253379,
                "end_time": 1651551253379,
                "final_result": "Happen"
            }
        ]
    ]
}