{"aoe_id":530,"start_time":1651551601644,"end_time":1651551601656,"action_result":[[1,2,{"start_time":1651551601647,"end_time":1651551601647,"yk_ids":null,"yt_ids":null,"num_result":{"last_cmd":-3500.0},"final_result":"Success"}],[2,3,{"start_time":1651551601647,"end_time":1651551601648,"yk_ids":null,"yt_ids":null,"num_result":{"Eddev_6":5000.0,"Eddev_4":5000.0,"Eddev_4_2":0.0,"Eddev_1":0.0,"Ecdev_3":0.0,"Eddev_5_2":0.0,"Ecdev_2":15000.0,"Ecdev_8":0.0,"Eddev_5":15000.0,"Eddev_3_2":0.0,"Ecdev_1_2":0.0,"Ecdev_6_2":4999.995000005,"Eddev_2":0.0,"Ecdev_4_2":4999.995000005,"Ecdev_3_2":4999.995000005,"Ecdev_5":0.0,"Ecdev_7_2":4999.995000005,"Ecdev_5_2":14999.985000015,"Eddev_6_2":0.0,"Eddev_3":5000.0,"Ecdev_6":0.0,"Ecdev_7":0.0,"Ecdev_4":0.0,"Ecdev_1":25000.0,"Eddev_7":5000.0,"Eddev_7_2":0.0,"Ecdev_2_2":0.0,"Eddev_8_2":0.0,"Ecdev_8_2":4999.995000005,"Eddev_8":5000.0,"Eddev_1_2":24999.975000025002,"Eddev_2_2":14999.985000015},"final_result":"Success"}],[3,4,{"start_time":1651551601648,"end_time":1651551601648,"yk_ids":null,"yt_ids":null,"num_result":{"L8":0.8500008499999998,"L3":0.8500008499999998,"L4":0.8500008499999998,"L6":0.8500008499999998,"Ecdev_mean_2":6666.660000006667,"L5":-0.002000002000000001,"L7":0.8500008499999998},"final_result":"Success"}],[4,7,{"start_time":1651551601650,"end_time":1651551601654,"yk_ids":null,"yt_ids":null,"num_result":{"w2":0.0,"k8":99.99999999999999,"x2":1399.9990000000003,"z4":5.1000000000000005,"x1":1500.0,"x5":100.0,"y2":1.0,"y5":1.0,"w3":0.0,"k6":99.99999999999999,"w1":0.0,"w7":0.0,"w8":0.0,"k3":99.99999999999999,"x8":100.0,"x3":100.0,"z6":5.1000000000000005,"x6":100.0,"z8":5.1000000000000005,"k4":99.99999999999999,"x4":100.0,"k5":99.99999999999999,"k2":1399.9990000000003,"y4":1.0,"y3":1.0,"z3":5.1000000000000005,"k1":1500.0,"z2":13.600001,"y6":1.0,"x7":100.0,"z1":23.500000000000004,"z7":5.1000000000000005,"w4":0.0,"y1":1.0,"y8":1.0,"z5":15.100000000000001,"w5":0.0,"w6":0.0,"k7":99.99999999999999,"y7":1.0},"final_result":"Success"}],[7,13,{"start_time":1651551601656,"end_time":1651551601656,"yk_ids":null,"yt_ids":[[1107,-1500.0],[1108,-1399.9990000000003],[1109,-100.0],[1110,-100.0],[1111,-100.0],[1112,-100.0],[1113,-100.0],[1114,-100.0],[1147,-1500.0],[1148,-1399.9990000000003],[1149,-100.0],[1150,-100.0],[1151,-100.0],[1152,-100.0],[1153,-100.0],[1154,-100.0]],"num_result":{},"final_result":"Success"}]],"event_result":[[1,{"start_time":1651551601645,"end_time":1651551601647,"final_result":"Happen"}],[2,{"start_time":1651551601647,"end_time":1651551601647,"final_result":"Happen"}],[3,{"start_time":1651551601648,"end_time":1651551601648,"final_result":"Happen"}],[4,{"start_time":1651551601649,"end_time":1651551601650,"final_result":"NotHappen"}],[7,{"start_time":1651551601655,"end_time":1651551601656,"final_result":"NotHappen"}],[13,{"start_time":1651551601656,"end_time":1651551601656,"final_result":"Happen"}]]}
