{"aoe_id":530,"start_time":1651551405883,"end_time":1651551405889,"action_result":[[1,2,{"start_time":1651551405886,"end_time":1651551405886,"yk_ids":null,"yt_ids":null,"num_result":{"last_cmd":-4000.0},"final_result":"Success"}],[2,3,{"start_time":1651551405886,"end_time":1651551405886,"yk_ids":null,"yt_ids":null,"num_result":{"Eddev_7":15000.0,"Eddev_8":15000.0,"Eddev_1_2":24999.975000025002,"Ecdev_7":0.0,"Eddev_4_2":0.0,"Eddev_5":25000.0,"Eddev_5_2":0.0,"Eddev_8_2":0.0,"Ecdev_5":0.0,"Ecdev_8":0.0,"Eddev_2_2":14999.985000015,"Ecdev_6_2":14999.985000015,"Eddev_6":15000.0,"Ecdev_4":0.0,"Ecdev_7_2":14999.985000015,"Eddev_6_2":0.0,"Ecdev_5_2":24999.975000025002,"Ecdev_6":0.0,"Eddev_2":0.0,"Eddev_7_2":0.0,"Ecdev_2_2":0.0,"Ecdev_8_2":14999.985000015,"Ecdev_2":15000.0,"Eddev_4":15000.0,"Ecdev_1":25000.0,"Ecdev_4_2":14999.985000015},"final_result":"Success"}],[3,4,{"start_time":1651551405887,"end_time":1651551405887,"yk_ids":null,"yt_ids":null,"num_result":{"L1":10000000000.0,"L6":733007751850666.6,"L7":733007751850666.6,"Ecdev_mean_2":14999.985000015002,"L4":733007751850666.6,"L8":733007751850666.6,"L5":0.006666673333333332,"L3":0.13333346666666662},"final_result":"Success"}],[4,6,{"start_time":1651551405887,"end_time":1651551405887,"yk_ids":null,"yt_ids":null,"num_result":{"sum_of_Ecdev":40000.0,"sum_of_Ecdev_2":0.0005066671139554461,"k":0.006666673333333332},"final_result":"Success"}],[6,11,{"start_time":1651551405889,"end_time":1651551405889,"yk_ids":null,"yt_ids":null,"num_result":{"P5":-100.0,"P3":-233.33333333333331,"P7":-166.66666666666666,"P2":-1500.0,"P6":-166.66666666666666,"P1":-1500.0,"P4":-166.66666666666666,"P8":-166.66666666666666},"final_result":"Success"}],[11,18,{"start_time":1651551405889,"end_time":1651551405889,"yk_ids":null,"yt_ids":[[1107,-1500.0],[1147,-1500.0],[1108,-1500.0],[1148,-1500.0],[1109,-233.33333333333331],[1149,-233.33333333333331],[1110,-166.66666666666666],[1150,-166.66666666666666],[1111,-100.0],[1151,-100.0],[1112,-166.66666666666666],[1152,-166.66666666666666],[1113,-166.66666666666666],[1153,-166.66666666666666],[1114,-166.66666666666666],[1154,-166.66666666666666]],"num_result":{},"final_result":"Success"}]],"event_result":[[1,{"start_time":1651551405884,"end_time":1651551405886,"final_result":"Happen"}],[2,{"start_time":1651551405886,"end_time":1651551405886,"final_result":"Happen"}],[3,{"start_time":1651551405887,"end_time":1651551405887,"final_result":"Happen"}],[4,{"start_time":1651551405887,"end_time":1651551405887,"final_result":"Happen"}],[6,{"start_time":1651551405887,"end_time":1651551405889,"final_result":"NotHappen"}],[11,{"start_time":1651551405889,"end_time":1651551405889,"final_result":"Happen"}],[18,{"start_time":1651551405889,"end_time":1651551405889,"final_result":"Happen"}]]}
