{
    "aoe_id": 530,
    "start_time": 1651551135191,
    "end_time": 1651551135198,
    "action_result": [
        [
            1,
            2,
            {
                "start_time": 1651551135193,
                "end_time": 1651551135193,
                "yk_ids": null,
                "yt_ids": null,
                "num_result": {
                    "last_cmd": 1.0
                },
                "final_result": "Success"
            }
        ],
        [
            2,
            3,
            {
                "start_time": 1651551135195,
                "end_time": 1651551135195,
                "yk_ids": null,
                "yt_ids": null,
                "num_result": {
                    "Eddev_3_2": 0.0,
                    "Ecdev_1_2": 14999.985000015,
                    "Eddev_7_2": 0.0,
                    "Eddev_2": 15000.0,
                    "Eddev_8": 15000.0,
                    "Ecdev_6_2": 0.0,
                    "Ecdev_7": 0.0,
                    "Eddev_3": 5000.0,
                    "Eddev_2_2": 0.0,
                    "Eddev_6_2": 34999.965000035,
                    "Eddev_5_2": 0.0,
                    "Eddev_5": 15000.0,
                    "Ecdev_4": 0.0,
                    "Eddev_1": 15000.0,
                    "Eddev_6": 0.0,
                    "Ecdev_7_2": 14999.985000015,
                    "Eddev_4": 15000.0,
                    "Ecdev_3_2": 4999.995000005,
                    "Ecdev_8_2": 14999.985000015,
                    "Eddev_8_2": 0.0,
                    "Ecdev_2": 0.0,
                    "Ecdev_3": 0.0,
                    "Ecdev_5": 0.0,
                    "Ecdev_6": 35000.0,
                    "Ecdev_4_2": 14999.985000015,
                    "Eddev_1_2": 0.0,
                    "Ecdev_5_2": 14999.985000015,
                    "Ecdev_1": 0.0,
                    "Eddev_4_2": 0.0,
                    "Eddev_7": 15000.0,
                    "Ecdev_2_2": 14999.985000015,
                    "Ecdev_8": 0.0
                },
                "final_result": "Success"
            }
        ],
        [
            3,
            5,
            {
                "start_time": 1651551135197,
                "end_time": 1651551135197,
                "yk_ids": null,
                "yt_ids": null,
                "num_result": {
                    "L7": 10000000000.0,
                    "L3": 10000000000.0,
                    "L1": 10000000000.0,
                    "Eddev_mean_2": 34999.965000035,
                    "power_mean_2": -8100.0,
                    "L6": null,
                    "L8": 10000000000.0,
                    "L4": 10000000000.0,
                    "L5": 10000000000.0,
                    "L2": 10000000000.0
                },
                "final_result": "Success"
            }
        ],
        [
            5,
            8,
            {
                "start_time": 1651551135197,
                "end_time": 1651551135197,
                "yk_ids": null,
                "yt_ids": null,
                "num_result": {
                    "sum_of_Eddev_2": 0.000028571456326529004,
                    "sum_of_Eddev": 95000.0,
                    "k": 10000000000.0
                },
                "final_result": "Success"
            }
        ],
        [
            8,
            14,
            {
                "start_time": 1651551135197,
                "end_time": 1651551135198,
                "yk_ids": null,
                "yt_ids": null,
                "num_result": {
                    "P7": 378.9473684210526,
                    "P1": 378.9473684210526,
                    "P4": 378.9473684210526,
                    "P2": 378.9473684210526,
                    "P8": 378.9473684210526,
                    "P5": 378.9473684210526,
                    "P6": 0.0,
                    "P3": 126.3157894736842
                },
                "final_result": "Success"
            }
        ],
        [
            14,
            18,
            {
                "start_time": 1651551135198,
                "end_time": 1651551135198,
                "yk_ids": null,
                "yt_ids": [
                    [
                        1107,
                        378.9473684210526
                    ],
                    [
                        1147,
                        378.9473684210526
                    ],
                    [
                        1108,
                        378.9473684210526
                    ],
                    [
                        1148,
                        378.9473684210526
                    ],
                    [
                        1109,
                        126.3157894736842
                    ],
                    [
                        1149,
                        126.3157894736842
                    ],
                    [
                        1110,
                        378.9473684210526
                    ],
                    [
                        1150,
                        378.9473684210526
                    ],
                    [
                        1111,
                        378.9473684210526
                    ],
                    [
                        1151,
                        378.9473684210526
                    ],
                    [
                        1112,
                        0.0
                    ],
                    [
                        1152,
                        0.0
                    ],
                    [
                        1113,
                        378.9473684210526
                    ],
                    [
                        1153,
                        378.9473684210526
                    ],
                    [
                        1114,
                        378.9473684210526
                    ],
                    [
                        1154,
                        378.9473684210526
                    ]
                ],
                "num_result": {
                    "last_cmd": 2400.0
                },
                "final_result": "Success"
            }
        ]
    ],
    "event_result": [
        [
            1,
            {
                "start_time": 1651551135193,
                "end_time": 1651551135193,
                "final_result": "Happen"
            }
        ],
        [
            2,
            {
                "start_time": 1651551135193,
                "end_time": 1651551135195,
                "final_result": "Happen"
            }
        ],
        [
            3,
            {
                "start_time": 1651551135196,
                "end_time": 1651551135197,
                "final_result": "NotHappen"
            }
        ],
        [
            5,
            {
                "start_time": 1651551135197,
                "end_time": 1651551135197,
                "final_result": "Happen"
            }
        ],
        [
            8,
            {
                "start_time": 1651551135197,
                "end_time": 1651551135197,
                "final_result": "Happen"
            }
        ],
        [
            14,
            {
                "start_time": 1651551135198,
                "end_time": 1651551135198,
                "final_result": "Happen"
            }
        ],
        [
            18,
            {
                "start_time": 1651551135198,
                "end_time": 1651551135198,
                "final_result": "Happen"
            }
        ]
    ]
}